{
  "lang":"vi",
  "name":"pipeline",
  "version":"0.0.0",
  "spacy_version":">=3.7.5,<3.8.0",
  "description":"",
  "author":"",
  "email":"",
  "url":"",
  "license":"",
  "spacy_git_version":"a6d0fc360",
  "vectors":{
    "width":0,
    "vectors":0,
    "keys":0,
    "name":null,
    "mode":"default"
  },
  "labels":{
    "ner":[
      "B-LOC",
      "B-MISC",
      "B-ORG",
      "B-PER",
      "I-LOC",
      "I-MISC",
      "I-ORG",
      "I-PER"
    ]
  },
  "pipeline":[
    "ner"
  ],
  "components":[
    "ner"
  ],
  "disabled":[

  ]
}